<?xml version="1.0" encoding="UTF-8"?>
<project-private xmlns="http://www.netbeans.org/ns/project-private/1">
    <editor-bookmarks xmlns="http://www.netbeans.org/ns/editor-bookmarks/2" lastBookmarkId="0"/>
    <open-files xmlns="http://www.netbeans.org/ns/projectui-open-files/2">
        <group>
            <file>file:/F:/Compartilhada/UFGD/2022.1/LPIII/projetos/DivulgacaoCatastrofesOR/web/cadastrarCatastrofe.xhtml</file>
            <file>file:/F:/Compartilhada/UFGD/2022.1/LPIII/projetos/DivulgacaoCatastrofesOR/src/java/entities/Catastrofe.java</file>
            <file>file:/F:/Compartilhada/UFGD/2022.1/LPIII/projetos/DivulgacaoCatastrofesOR/src/java/beans/CatastrofeBean.java</file>
        </group>
    </open-files>
</project-private>
